USE [21WQ_BUAN4210_Lloyd_ExcelsiorMobile];

INSERT INTO dbo.Device (IMEI, Device, Type, YearReleased) 
VALUES
	(198765432198765, 'Moto G7', 'Android', 2019),
	(219876543219876, 'Iphone 11', 'Apple', 2019),
	(321987654321987, 'Iphone 10', 'Apple', 2017),
	(432198765432198, 'Pixel 2', 'Android', 2017),
	(543219876543219, 'LG V20', 'Android', 2015),
	(654321987654321, 'OnePlus 6', 'Android', 2018),
	(741852963741852, 'Moto Z4', 'Android', 2019),
	(765432198765432, 'Iphone 11', 'Apple', 2019),
	(876543219876543, 'LG G6', 'Android', 2017),
	(987654321987654, 'OnePlus 6', 'Android', 2018),
	(325482245932562,N'Pixel 4',N'Android',2019),
    (236588234658259,N'LG G5',N'Android',2016),
    (214478455473562,N'Iphone 10',N'Apple',2017),
    (125447822596485,N'Iphone 10',N'Apple',2017),
    (335117528865832,N'LG G6',N'Android',2017),
    (965587445826532,N'Pixel 3',N'Android',2018),
    (754485563245845,N'Note 4',N'Android',2014),
    (236045802560580,N'Iphone 11',N'Apple',2019),
    (245802350587025,N'Pixel 4',N'Android',2019),
    (200965835470253,N'OnePlus 6',N'Android',2018);

INSERT INTO dbo.MPlan (PlanName, Minutes, Data, Throttle, Cost)
VALUES
	('UnlPrime', 'Unlimited', 'Unlimited', 50, 150.00),
	('UnlSuper', 'Unlimited', 'Unlimited', 25, 125.00),
	('UnlBasic', 'Unlimited', 'Unlimited', 10, 100.00),
	('Data50', 'Unlimited', '50', NULL, 85.00),
	('Data25', 'Unlimited', '25', NULL, 65.00),
	('Data10', 'Unlimited', '10', NULL, 50.00),
	('Data2', 'Unlimited', '2', NULL, 40.00);

INSERT INTO dbo.DirNums (MDN, City, State, IMEI) 
VALUES
	('206-956-8855', 'Seattle', 'WA', 765432198765432),
	('509-224-5655', 'Spokane', 'WA', 219876543219876),
	('206-552-7899', 'Seattle', 'WA', 741852963741852),
	('253-996-1125', 'Tacoma', 'WA', 987654321987654),
	('206-365-5421', 'Seattle', 'WA', 654321987654321),
	('360-855-1112', 'Olympia', 'WA', 543219876543219),
	('509-699-8447', 'Spokane', 'WA', 432198765432198),
	('425-445-9696', 'Everett', 'WA', 876543219876543),
	('425-669-8221', 'Redmond', 'WA', 198765432198765),
	('425-777-3322', 'Issaquah', 'WA', 321987654321987),
	(N'360-522-6593',N'Olympia',N'WA',325482245932562),
    (N'425-663-4528',N'Everett',N'WA',236588234658259),
    (N'206-544-7885',N'Seattle',N'WA',214478455473562),
    (N'425-663-9985',N'Bellevue',N'WA',125447822596485),
    (N'425-888-2235',N'Redmond',N'WA',335117528865832),
    (N'206-112-5886',N'Seattle',N'WA',965587445826532),
    (N'425-365-5224',N'Bellevue',N'WA',754485563245845),
    (N'360-533-2237',N'Olympia',N'WA',236045802560580),
    (N'360-248-5582',N'Olympia',N'WA',245802350587025),
    (N'253-689-5513',N'Kent',N'WA',200965835470253);

INSERT INTO Subscriber (MIN, FirstName, LastName, StreetAddress, City, State, ZipCode, MDN, PlanName)
VALUES
	(0586692155, 'Steve', 'Rogers', '123 America Blvd.', 'Seattle', 'WA', 98121, '206-956-8855', 'UnlBasic'),
	(1007772121, 'Clint', 'Barton', '332 Quiver Road', 'Spokane', 'WA', 99223, '509-224-5655', 'Data50'),
	(2568884578, 'Charles', 'Xavier', '4566 Cerebral Ave.', 'Seattle', 'WA', 98107, '206-552-7899', 'UnlSuper'),
	(3596687555, 'Carol', 'Danvers', '1332 Marvel Blvd.', 'Tacoma', 'WA', 98403, '253-996-1125', 'Data2'),
	(4491200222, 'Peter', 'Parker', '1002 1st Ave.', 'Seattle', 'WA', 98121, '206-365-5421', 'Data25'),
	(5996582255, 'Natasha', 'Romanova', '12 Secret Way', 'Olympia', 'WA', 98504, '360-855-1112', 'Data10'),
	(6806963511, 'Jessica', 'Jones', '145 Jewel Road.', 'Spokane', 'WA', 99201, '509-699-8447', 'UnlBasic'),
	(7995551212, 'Wade', 'Wilson', '4 Wall Blvd.', 'Everett', 'WA', 98206, '425-445-9696', 'UnlPrime'),
	(8546589922, 'Tony', 'Stark', '1500 Stark Ave.', 'Redmond', 'WA', 98052, '425-669-8221', 'UnlPrime'),
	(9112526993, 'Nathan', 'Summers', '784 Times Blvd.', 'Issaquah', 'WA', 98072, '425-777-3322', 'UnlPrime'),
	(5511523489,N'Eddie',N'Brock',N'15 Venom Way',N'Olympia',N'WA',98501,N'360-522-6593',N'Data50'),
    (5284865985,N'Bruce',N'Banner',N'123 Smash Road',N'Everett',N'WA',98201,N'425-663-4528',N'Data50'),
    (2345824215,N'Jane',N'Foster',N'556 Thunder Ave.',N'Seattle',N'WA',98109,N'206-544-7885',N'Data25'),
    (6582455428,N'Bucky',N'Barnes',N'881 Silver Way',N'Bellevue',N'WA',98015,N'425-663-9985',N'Data10'),
    (5322487122,N'Matt',N'Murdock',N'9001 Justice Road',N'Redmond',N'WA',98053,N'425-888-2235',N'UnlBasic'),
    (1287548752,N'Frank',N'Castle',N'6616 Punish Ave.',N'Seattle',N'WA',98121,N'206-112-5886',N'UnlPrime'),
    (0258999542,N'Ben',N'Grimm',N'400 Clobberin Way',N'Bellevue',N'WA',98007,N'425-365-5224',N'Data50'),
    (0458524896,N'Reed',N'Richards',N'136 Fantastic Blvd.',N'Olympia',N'WA',98502,N'360-533-2237',N'UnlBasic'),
    (5698875875,N'Susan',N'Richards',N'136 Fantastic Blvd.',N'Olympia',N'WA',98502,N'360-248-5582',N'UnlBasic'),
    (7588753254,N'Johnny',N'Storm',N'6472 Flames Road',N'Kent',N'WA',98030,N'253-689-5513',N'UnlSuper');


INSERT dbo.Bill (MIN, Base, Tax, EquipFee, Insurance, Total) 
VALUES 
	(0586692155, 100.0000, 19.0000, 25.0000, 20.0000, 164.0000),
	(1007772121, 85.0000, 16.0000, 0.0000, 0.0000, 101.0000),
	(2568884578, 125.0000, 24.0000, 0.0000, 0.0000, 149.0000),
	(3596687555, 40.0000, 7.0000, 20.0000, 20.0000, 87.0000),
	(4491200222, 65.0000, 12.0000, 15.0000, 20.0000, 112.0000),
	(5996582255, 50.0000, 9.0000, 25.0000, 20.0000, 104.0000),
	(6806963511, 100.0000, 19.0000, 0.0000, 20.0000, 139.0000),
	(7995551212, 150.0000, 29.0000, 0.0000, 0.0000, 179.0000),
	(8546589922, 150.0000, 29.0000, 20.0000, 20.0000, 219.0000),
	(9112526993, 150.0000, 29.0000, 25.0000, 0.0000, 204.0000),
	(5511523489,85,16.5,20,20,141.5),
    (5284865985,85,16.5,0,20,121.5),
    (2345824215,65,12.62,0,20,97.62),
    (6582455428,50,9.71,15,0,74.71),
    (5322487122,100,19.41,20,20,159.41),
    (1287548752,150,29.12,25,20,224.12),
    (0258999542,85,16.5,10,20,131.5),
    (0458524896,100,19.41,0,20,139.41),
    (5698875875,100,19.41,0,20,139.41),
    (7588753254,125,24.26,25,20,194.26);

INSERT dbo.LastMonthUsage (MIN, Minutes, DataInMB, Texts) 
VALUES 
	(0586692155, 212, 10950, 1533),
	(1007772121, 78, 25352, 20159),
	(2568884578, 155, 1221, 12335),
	(3596687555, 359, 1912, 15332),
	(4491200222, 101, 21052, 7596),
	(5996582255, 855, 10000, 10121),
	(6806963511, 715, 11256, 9663),
	(7995551212, 311, 25332, 98254),
	(8546589922, 257, 7259, 12369),
	(9112526993, 125, 52669, 1752),
	(5511523489,250,25003,63352),
    (5284865985,125,21563,3252),
    (2345824215,320,10256,8449),
    (6582455428,112,12356,12452),
    (5322487122,288,12568,15236),
    (1287548752,702,10235,22542),
    (0258999542,533,52339,21332),
    (0458524896,352,36588,4253),
    (5698875875,365,12635,4256),
    (7588753254,988,31022,22368);




